episode,steps,X,Y,yaw,steer,throttle,action,reward,done,all_wheels_on_track,progress,closest_waypoint,track_len,tstamp,episode_status,pause_duration,obstacle_crash_counter,wall_clock
0,1.0,3.199731062894778,0.6831029229279388,0.18303006840958455,10.0,1.5,9,0.0,False,True,0.7905415786407282,1,17.709159380834848,37.897,prepare,0.0,0,1774594531.0200834
0,2.0,3.1997327938476117,0.683103211419783,0.18326595495145928,0.0,1.5,6,1.0,False,True,0.7905513581379272,1,17.709159380834848,37.949,in_progress,0.0,0,1774594543.9146814
0,3.0,3.2328108343523905,0.6810756515637432,-0.32004910241640655,0.0,1.5,6,1.0,False,True,0.977318610687142,1,17.709159380834848,38.014,in_progress,0.0,0,1774594558.1343315
0,4.0,3.2924579724651286,0.6785519062970303,-0.8067564433164794,0.0,1.5,6,1.0,False,True,1.3141115785640656,2,17.709159380834848,38.078,in_progress,0.0,0,1774594573.0439842
0,5.0,3.384835676929552,0.6775635163414732,-0.7792635322753533,0.0,1.5,6,1.0,False,True,1.8357824351969823,2,17.709159380834848,38.149,in_progress,0.0,0,1774594587.0381703
0,6.0,3.48057280284006,0.6764286322766486,-0.7810709434267693,0.0,1.5,6,1.0,False,True,2.3763887567652615,3,17.709159380834848,38.212,in_progress,0.0,0,1774594601.6725338
0,7.0,3.587091129282622,0.6752129104143463,-0.7833474809450105,0.0,1.5,6,1.0,False,True,2.9778676038864456,4,17.709159380834848,38.282,in_progress,0.0,0,1774594615.8176017
0,8.0,3.6966295419279214,0.6739606467392606,-0.8162040182785928,0.0,1.5,6,1.0,False,True,3.5964069404447048,4,17.709159380834848,38.347,in_progress,0.0,0,1774594629.8706217
0,9.0,3.8000675186224635,0.6728029356832197,-0.7931113727153454,0.0,1.5,6,1.0,False,True,4.180497549057762,5,17.709159380834848,38.406,in_progress,0.0,0,1774594644.3564196
0,10.0,3.8942818188271247,0.6715435711581784,-0.8029928798543046,0.0,1.5,6,1.0,False,True,4.712505486303521,6,17.709159380834848,38.48,in_progress,0.0,0,1774594658.45491
0,11.0,4.002498828110079,0.6695890363226019,-0.9479499569407939,0.0,1.5,6,1.0,False,True,5.323580953565639,6,17.709159380834848,38.546,in_progress,0.0,0,1774594672.3348975
0,12.0,4.104419460965213,0.6681378875130195,-0.945488347970829,0.0,1.5,6,1.0,False,True,5.899103034001105,7,17.709159380834848,38.608,in_progress,0.0,0,1774594686.507067
0,13.0,4.20488636291829,0.6665246651351217,-0.9565100423611045,0.0,1.5,6,1.0,False,True,6.466415269288219,8,17.709159380834848,38.681,in_progress,0.0,0,1774594701.2309923
0,14.0,4.303875717018329,0.6649180390570302,-1.0108633204710653,0.0,1.5,6,1.0,False,True,7.025384033993209,8,17.709159380834848,38.739,in_progress,0.0,0,1774594715.4829533
0,15.0,4.4011174728065665,0.6633020178899647,-1.0537147668632243,0.0,1.5,6,1.0,False,True,7.5744850178319805,9,17.709159380834848,38.81,in_progress,0.0,0,1774594729.7998638
0,16.0,4.516979717397255,0.6610729487590452,-1.0971325687779503,0.0,1.5,6,1.0,False,True,8.228731350880548,10,17.709159380834848,38.874,in_progress,0.0,0,1774594745.331168
0,17.0,4.608029711024718,0.6598039676778292,-1.1001008635438112,0.0,1.5,6,1.0,False,True,8.742867838722495,10,17.709159380834848,38.934,in_progress,0.0,0,1774594759.920432
0,18.0,4.717733271341881,0.6571879258123274,-1.2514744729215903,0.0,1.5,6,1.0,False,True,9.36233335302184,11,17.709159380834848,39.005,in_progress,0.0,0,1774594774.278018
0,19.0,4.811969422850306,0.6548580999886986,-1.3701888917294187,0.0,1.5,6,1.0,False,True,9.894460521214803,12,17.709159380834848,39.071,in_progress,0.0,0,1774594788.2945213
0,20.0,4.912444659627549,0.6520338151845981,-1.5175953225150467,0.0,1.5,6,1.0,False,True,10.46181669828764,12,17.709159380834848,39.138,in_progress,0.0,0,1774594802.5630758
0,21.0,5.0189454148620065,0.649725662105842,-1.4982307282681662,0.0,1.5,6,1.0,False,True,11.063206620255373,13,17.709159380834848,39.201,in_progress,0.0,0,1774594817.3141332
0,22.0,5.113015964640452,0.6473962880997108,-1.5475876273957108,0.0,1.5,6,1.0,False,True,11.594399102122921,14,17.709159380834848,39.27,in_progress,0.0,0,1774594831.8710237
0,23.0,5.213309352954182,0.6446534617255903,-1.6132920323614754,0.0,1.5,6,1.0,False,True,12.160741048419462,14,17.709159380834848,39.341,in_progress,0.0,0,1774594847.0629067
0,24.0,5.327705833956281,0.6421269883412692,-1.4928298246530767,0.0,1.5,6,1.0,False,True,12.806675482827027,15,17.709159380834848,39.401,in_progress,0.0,0,1774594861.7383692
0,25.0,5.429552515409811,0.6392455960143788,-1.5910026458794897,0.0,1.5,6,1.0,False,True,13.381775497299634,16,17.709159380834848,39.471,in_progress,0.0,0,1774594876.283418
0,26.0,5.5299273611892925,0.6366948994250546,-1.603243856960076,2.5,1.5,7,1.0,False,True,13.948292680710637,16,17.709159380834848,39.529,in_progress,0.0,0,1774594892.337726
0,27.0,5.628759778070955,0.6335470927734356,-1.6923444728304802,2.5,1.5,7,1.0,False,True,14.506865708049435,17,17.709159380834848,39.602,in_progress,0.0,0,1774594907.4581332
0,28.0,5.728998416284136,0.632859977790745,-1.3316627600163915,5.0,1.5,8,1.0,False,True,15.072894018661756,18,17.709159380834848,39.659,in_progress,0.0,0,1774594923.107444
0,29.0,5.827729655824418,0.6340398889209585,-0.811759359872242,5.0,1.5,8,1.0,False,True,15.631621777590398,18,17.709159380834848,39.733,in_progress,0.0,0,1774594939.2379434
0,30.0,5.950093353229237,0.6386185219465619,-0.09972076216494495,5.0,1.5,8,1.0,False,True,16.32340279117971,19,17.709159380834848,39.791,in_progress,0.0,0,1774594956.0239778
0,31.0,6.018952730844153,0.6431893560134042,0.7117791785192995,10.0,1.5,9,1.0,False,True,16.712008060121335,20,17.709159380834848,39.856,in_progress,0.0,0,1774594972.676307
0,32.0,6.137354936570108,0.6573900156051852,2.716034745899023,10.0,1.5,9,1.0,False,True,17.374990051535573,21,17.709159380834848,39.938,in_progress,0.0,0,1774594988.5055637
0,33.0,6.2422131118738875,0.6766358749665845,5.268752297723275,15.0,1.5,10,1.0,False,True,17.965972738380522,21,17.709159380834848,39.99,in_progress,0.0,0,1774595004.1093323
0,34.0,6.316733143202993,0.6946461322329252,7.1244655235136065,15.0,1.5,10,1.0,False,True,18.39373007625402,22,17.709159380834848,40.056,in_progress,0.0,0,1774595019.9776227
0,35.0,6.432749079026794,0.7351610424101889,11.980469505274728,15.0,1.5,10,1.0,False,True,19.073861892477403,23,17.709159380834848,40.124,in_progress,0.0,0,1774595035.967313
0,36.0,6.512026948302344,0.7756903879988704,16.439167413931955,15.0,1.5,10,1.0,False,True,19.60861977973455,23,17.709159380834848,40.19,in_progress,0.0,0,1774595052.0899644
0,37.0,6.600040538621774,0.8277463726933543,20.613808094197374,15.0,1.5,10,1.0,False,True,20.174871422383816,24,17.709159380834848,40.256,in_progress,0.0,0,1774595067.832123
0,38.0,6.69314658738763,0.894988901084915,26.099727147170285,15.0,1.5,10,0.5,False,True,20.888266784125424,25,17.709159380834848,40.326,in_progress,0.0,0,1774595083.8673358
0,39.0,6.767270549429658,0.9584598055209144,30.38516650647514,15.0,1.5,10,0.5,False,True,21.483638126834975,25,17.709159380834848,40.385,in_progress,0.0,0,1774595100.672107
0,40.0,6.82655240417557,1.022151627615016,35.012410872747125,15.0,1.5,10,0.5,False,True,22.048560625262056,26,17.709159380834848,40.456,in_progress,0.0,0,1774595116.1284528
0,41.0,6.896721724760571,1.1101281851187577,40.25351959667493,15.0,1.5,10,0.5,False,True,22.674948642932875,27,17.709159380834848,40.525,in_progress,0.0,0,1774595131.2991867
0,42.0,6.958789131446038,1.204716115549784,45.439822916838466,15.0,1.5,10,0.5,False,True,23.472418902080012,28,17.709159380834848,40.588,in_progress,0.0,0,1774595146.7186005
0,43.0,7.003881373736503,1.2877745265569682,50.02308288236014,15.0,1.5,10,0.5,False,True,24.119389574414047,29,17.709159380834848,40.658,in_progress,0.0,0,1774595164.1445255
0,44.0,7.04779850404655,1.3931360690072945,56.57515362835016,15.0,1.5,10,0.5,False,True,24.865377946712123,29,17.709159380834848,40.722,in_progress,0.0,0,1774595181.0743814
0,45.0,7.076187592914589,1.4818694857142145,61.36902671694154,15.0,1.5,10,0.5,False,True,25.499877419260613,30,17.709159380834848,40.786,in_progress,0.0,0,1774595198.2154768
0,46.0,7.092267376303087,1.5653486945912913,66.34108726843873,15.0,1.5,10,0.5,False,True,25.97820449851767,31,17.709159380834848,40.853,in_progress,0.0,0,1774595214.7399435
0,47.0,7.101853162257892,1.6754751587072558,72.8976607736789,15.0,1.5,10,0.5,False,True,26.802187158363232,32,17.709159380834848,40.919,in_progress,0.0,0,1774595232.1485949
0,48.0,7.098183061741856,1.7836380086772536,79.68781119140516,15.0,1.5,10,0.5,False,True,27.612449531025284,33,17.709159380834848,40.982,in_progress,0.0,0,1774595248.3991818
0,49.0,7.085350543493798,1.874458101873664,85.51783361555657,15.0,1.5,10,0.5,False,True,28.222267056094243,33,17.709159380834848,41.05,in_progress,0.0,0,1774595265.08698
0,50.0,7.0577509685106286,1.9757900505481971,92.29196381428827,15.0,1.5,10,0.5,False,True,28.93566324037732,34,17.709159380834848,41.118,in_progress,0.0,0,1774595282.457722
0,51.0,7.0246589676501525,2.0633642277907094,98.34351505111307,15.0,1.5,10,0.5,False,True,29.464089059502236,35,17.709159380834848,41.181,in_progress,0.0,0,1774595298.3270156
0,52.0,6.980929805171597,2.1469723558572973,104.5789811281879,15.0,1.5,10,0.5,False,True,30.156475684445986,36,17.709159380834848,41.25,in_progress,0.0,0,1774595314.7047815
0,53.0,6.921410435838965,2.2397774905788466,110.78914203553784,15.0,1.5,10,0.5,False,True,30.94938559443716,37,17.709159380834848,41.316,in_progress,0.0,0,1774595330.9405196
0,54.0,6.8555354787011895,2.3202756115798984,116.68291921810483,15.0,1.5,10,0.5,False,True,31.67330233714005,37,17.709159380834848,41.382,in_progress,0.0,0,1774595347.534956
0,55.0,6.7863838423717455,2.388773173012837,122.30473437346586,15.0,1.5,10,0.5,False,True,32.35434148487409,38,17.709159380834848,41.452,in_progress,0.0,0,1774595363.7368627
0,56.0,6.7049684639030565,2.455592836347454,128.68861956987666,15.0,1.5,10,0.5,False,True,32.948836556372676,39,17.709159380834848,41.508,in_progress,0.0,0,1774595380.0503886
0,57.0,6.62370433087013,2.5125441741088452,134.0243337725824,15.0,1.5,10,0.5,False,True,33.656234621416694,40,17.709159380834848,41.576,in_progress,0.0,0,1774595395.9180868
0,58.0,6.534328966313543,2.5631497037542244,139.19406702993993,15.0,1.5,10,0.5,False,True,34.37304701804756,41,17.709159380834848,41.647,in_progress,0.0,0,1774595411.9044285
0,59.0,6.435793907085722,2.6062666478144925,145.02683705275118,15.0,1.5,10,0.5,False,True,35.10260895236338,41,17.709159380834848,41.71,in_progress,0.0,0,1774595427.831914
0,60.0,6.344360432468948,2.6362036772650876,150.24533050930359,15.0,1.5,10,0.5,False,True,35.73849931590705,42,17.709159380834848,41.778,in_progress,0.0,0,1774595444.423557
0,61.0,6.247765438098206,2.6576943331094696,156.05448058975546,15.0,1.5,10,0.5,False,True,36.29099461353553,43,17.709159380834848,41.845,in_progress,0.0,0,1774595460.0357754
0,62.0,6.140762079566624,2.6693534071584115,162.39569966278142,15.0,1.5,10,0.5,False,True,36.92584679371449,44,17.709159380834848,41.907,in_progress,0.0,0,1774595475.514601
0,63.0,6.04667559999554,2.6690287360852043,167.74672399074203,10.0,1.5,9,0.5,False,True,37.47492596565123,44,17.709159380834848,41.975,in_progress,0.0,0,1774595491.900807
0,64.0,5.948587431217612,2.655715769568896,174.69606352100993,5.0,1.5,8,0.5,False,True,38.02941745933601,45,17.709159380834848,42.034,in_progress,0.0,0,1774595509.2577627
0,65.0,5.859012472850867,2.6366030035442827,-179.7567976043153,0.0,1.5,6,0.5,False,True,38.53645326831905,45,17.709159380834848,42.111,in_progress,0.0,0,1774595524.7403026
0,66.0,5.75957403669688,2.6096139089817494,-174.33300114022092,-5.0,1.5,4,0.5,False,True,39.09853131854549,46,17.709159380834848,42.178,in_progress,0.0,0,1774595541.478944
0,67.0,5.659338611632815,2.5865373738339525,-171.82123399402158,-15.0,1.5,2,0.5,False,True,39.66556027660989,47,17.709159380834848,42.238,in_progress,0.0,0,1774595558.3821483
0,68.0,5.566842909401786,2.5712126017929484,-171.59462814815956,-15.0,1.5,2,0.1,False,True,40.18378701822351,47,17.709159380834848,42.303,in_progress,0.0,0,1774595575.3137815
0,69.0,5.452951339823493,2.564450188820925,-173.42181567645278,-15.0,1.5,2,0.1,False,True,40.827311613847186,48,17.709159380834848,42.372,in_progress,0.0,0,1774595592.744854
0,70.0,5.354280145592331,2.5652957267110676,-175.15110821738634,-15.0,1.5,2,0.1,False,True,41.38446447861898,49,17.709159380834848,42.437,in_progress,0.0,0,1774595609.7949755
0,71.0,5.253150450664218,2.5722952220469213,-177.80073975422258,-15.0,1.5,2,0.1,False,True,41.973770420245785,50,17.709159380834848,42.498,in_progress,0.0,0,1774595626.1347802
0,72.0,5.163880029222488,2.58533400845058,179.09805943173942,-15.0,1.5,2,0.5,False,True,42.45012092220182,50,17.709159380834848,42.566,in_progress,0.0,0,1774595642.7592964
0,73.0,5.053734514818488,2.612297588987525,174.22651357800711,-15.0,1.5,2,0.5,False,True,43.072852665794024,51,17.709159380834848,42.633,in_progress,0.0,0,1774595659.2282665
0,74.0,4.965668281713457,2.6470593230469444,169.39990755587706,-15.0,1.5,2,0.5,False,True,43.488662601151745,51,17.709159380834848,42.699,in_progress,0.0,0,1774595676.0889153
0,75.0,4.871494285019405,2.6959893124645333,163.86963466963837,-15.0,1.5,2,0.5,False,True,44.05050081309591,52,17.709159380834848,42.772,in_progress,0.0,0,1774595692.219079
0,76.0,4.786866949568552,2.7501489064019964,158.225636059152,-15.0,1.5,2,1.0,False,True,44.52768802947054,53,17.709159380834848,42.835,in_progress,0.0,0,1774595708.467672
0,77.0,4.705879491617791,2.814505414593937,152.76412675410361,-15.0,1.5,2,1.0,False,True,45.04601046441222,53,17.709159380834848,42.893,in_progress,0.0,0,1774595729.0634167
0,78.0,4.641435677003916,2.8812768091964216,147.2357566302092,-15.0,1.5,2,1.0,False,True,45.52679852055557,54,17.709159380834848,42.968,in_progress,0.0,0,1774595744.4958103
0,79.0,4.5692722019267,2.9613093176544,142.46014368628462,-5.0,1.5,4,1.0,False,True,46.135991647328886,54,17.709159380834848,43.026,in_progress,0.0,0,1774595759.9745438
0,80.0,4.514983497252081,3.0320481335968084,138.25275634241606,-5.0,1.5,4,0.5,False,True,46.68832624194594,55,17.709159380834848,43.091,in_progress,0.0,0,1774595775.3482776
0,81.0,4.4604438229810395,3.104012822613192,135.30306608149283,0.0,1.5,6,0.5,False,True,47.18917497002843,56,17.709159380834848,43.162,in_progress,0.0,0,1774595789.2552915
0,82.0,4.381823511900638,3.2116708278065405,132.04562509660866,0.0,1.5,6,0.5,False,True,47.984618077343924,57,17.709159380834848,43.229,in_progress,0.0,0,1774595803.695179
0,83.0,4.326585402765141,3.284677383380091,130.78820510098905,5.0,1.5,8,0.5,False,True,48.54483341071545,57,17.709159380834848,43.291,in_progress,0.0,0,1774595818.1408165
0,84.0,4.277130228775839,3.34762492337769,130.16613952376224,5.0,1.5,8,0.5,False,True,48.99673516975193,58,17.709159380834848,43.361,in_progress,0.0,0,1774595833.003823
0,85.0,4.197703737514499,3.442286529247002,130.09183550047396,5.0,1.5,8,0.5,False,True,49.70478285024394,59,17.709159380834848,43.428,in_progress,0.0,0,1774595847.7247827
0,86.0,4.132045652384595,3.515917057886854,130.60638631887795,5.0,1.5,8,0.5,False,True,50.25473013492429,59,17.709159380834848,43.491,in_progress,0.0,0,1774595862.7379127
0,87.0,4.0699774961716315,3.5809088974357985,131.328982989304,5.0,1.5,8,0.5,False,True,50.76068162933349,60,17.709159380834848,43.567,in_progress,0.0,0,1774595876.8102598
0,88.0,3.9799424832966506,3.6702841176468755,132.65793061159326,0.0,1.5,6,0.5,False,True,51.473786239937226,61,17.709159380834848,43.621,in_progress,0.0,0,1774595891.410271
0,89.0,3.9104508832640823,3.736100814390795,133.71821656703267,0.0,1.5,6,0.5,False,True,52.0100013816329,61,17.709159380834848,43.691,in_progress,0.0,0,1774595906.4321804
0,90.0,3.8373734431378317,3.8048164980694974,134.54166115728836,0.0,1.5,6,0.5,False,True,52.5713279708521,62,17.709159380834848,43.755,in_progress,0.0,0,1774595921.4965243
0,91.0,3.7668683638775007,3.87232569102022,134.90753981688485,2.5,1.5,7,1.0,False,True,53.118350513756575,63,17.709159380834848,43.821,in_progress,0.0,0,1774595936.8114505
0,92.0,3.687427470749429,3.947836393168661,135.14378725954074,5.0,1.5,8,1.0,False,True,53.732076079253765,63,17.709159380834848,43.89,in_progress,0.0,0,1774595952.3444805
0,93.0,3.621532228047567,4.008600938893565,135.65041399035667,10.0,1.5,9,1.0,False,True,54.23390087892932,64,17.709159380834848,43.956,in_progress,0.0,0,1774595967.1094437
0,94.0,3.5368972027796044,4.080336698777501,136.86769171115384,10.0,1.5,9,1.0,False,True,54.849525538969345,65,17.709159380834848,44.02,in_progress,0.0,0,1774595982.0942056
0,95.0,3.4525778068426005,4.142697797678687,138.97109042869815,10.0,1.5,9,1.0,False,True,55.422830931182396,65,17.709159380834848,44.085,in_progress,0.0,0,1774595996.9618328
0,96.0,3.378936058508199,4.189949386660315,141.3396226394741,15.0,1.5,10,1.0,False,True,55.89173101116134,66,17.709159380834848,44.145,in_progress,0.0,0,1774596011.7927244
0,97.0,3.2856591192414015,4.240863710666891,144.52029370372526,15.0,1.5,10,1.0,False,True,56.50094878244556,67,17.709159380834848,44.229,in_progress,0.0,0,1774596026.2769897
0,98.0,3.176815981980719,4.285066077243398,149.21734188977211,15.0,1.5,10,0.5,False,True,57.22952705726971,68,17.709159380834848,44.283,in_progress,0.0,0,1774596041.2027593
0,99.0,3.0949623592558533,4.309522139085248,153.08479864296885,15.0,1.5,10,0.5,False,True,57.76226048652219,68,17.709159380834848,44.349,in_progress,0.0,0,1774596055.8817403
0,100.0,2.9913115614146917,4.330668218548967,158.54828633259754,-5.0,1.5,4,0.5,False,True,58.54194906403879,69,17.709159380834848,44.417,in_progress,0.0,0,1774596071.2396197
0,101.0,2.896023268650949,4.342997698167269,162.95820050332642,0.0,1.5,6,0.5,False,True,59.08330064777727,70,17.709159380834848,44.49,in_progress,0.0,0,1774596086.2924337
0,102.0,2.790849724910143,4.356798492901825,166.09942049334697,-20.0,1.0,1,0.5,False,True,59.83025995338755,71,17.709159380834848,44.548,in_progress,0.0,0,1774596101.583249
0,103.0,2.7065191983470895,4.369629356844942,167.12934646568232,0.0,1.5,6,0.5,False,True,60.30756053816885,72,17.709159380834848,44.615,in_progress,0.0,0,1774596118.010665
0,104.0,2.6133803181733795,4.394255787068098,166.67375754830934,0.0,1.5,6,0.5,False,True,60.84390852053816,72,17.709159380834848,44.685,in_progress,0.0,0,1774596134.213762
0,105.0,2.519151186172827,4.419609689751313,166.14702450972337,-15.0,1.5,2,0.5,False,True,61.37628421838643,73,17.709159380834848,44.746,in_progress,0.0,0,1774596154.2287972
0,106.0,2.4225028332419223,4.446915365810153,165.7866777065454,-15.0,1.5,2,1.0,False,True,61.93349458652035,73,17.709159380834848,44.811,in_progress,0.0,0,1774596173.516508
0,107.0,2.322826835885996,4.48728835697695,163.17066991205317,0.0,1.5,6,1.0,False,True,62.48759508685361,74,17.709159380834848,44.877,in_progress,0.0,0,1774596188.6538258
0,108.0,2.238977217509918,4.529172118062046,160.64051744667168,5.0,1.5,8,1.0,False,True,62.95278359255063,74,17.709159380834848,44.942,in_progress,0.0,0,1774596204.1279016
0,109.0,2.1474398511854673,4.575882591721814,158.0434343403506,15.0,1.5,10,0.5,False,True,63.46057542492447,75,17.709159380834848,45.009,in_progress,0.0,0,1774596219.8750894
0,110.0,2.0529640471071886,4.616361174858186,157.3949232809005,25.0,0.75,12,0.5,False,True,63.99081660354812,76,17.709159380834848,45.086,in_progress,0.0,0,1774596237.6785264
0,111.0,1.9662940223703291,4.641473617072487,158.62746656447803,25.0,0.75,12,0.5,False,True,64.47600919421438,76,17.709159380834848,45.143,in_progress,0.0,0,1774596254.4872777
0,112.0,1.9071151663145842,4.649068024063903,161.26180189445904,25.0,0.75,12,0.5,False,True,64.80888518581698,77,17.709159380834848,45.211,in_progress,0.0,0,1774596270.7367148
0,113.0,1.8602962367701459,4.649352245908432,164.09807913187834,25.0,0.75,12,0.5,False,True,65.0731198155978,77,17.709159380834848,45.272,in_progress,0.0,0,1774596287.463488
0,114.0,1.8114296713465667,4.643109347330382,168.15843451640998,25.0,0.75,12,0.5,False,True,65.34478852230473,77,17.709159380834848,45.34,in_progress,0.0,0,1774596304.8158987
0,115.0,1.7637227852059214,4.629736120093262,172.90087863218554,20.0,1.0,11,0.5,False,True,65.61651327219008,77,17.709159380834848,45.408,in_progress,0.0,0,1774596321.272845
0,116.0,1.708346172919675,4.606235376373925,179.45168061962747,20.0,1.0,11,0.5,False,True,65.93340132633949,78,17.709159380834848,45.467,in_progress,0.0,0,1774596338.5659225
0,117.0,1.6564192049792938,4.575022172493936,-173.66109177285213,15.0,1.5,10,0.5,False,True,66.22749486819545,78,17.709159380834848,45.539,in_progress,0.0,0,1774596362.4951413
0,118.0,1.5863116849717953,4.529852893638455,-165.87924462550083,10.0,1.5,9,1.0,False,True,66.6335332723251,79,17.709159380834848,45.601,in_progress,0.0,0,1774596379.8194804
0,119.0,1.5060737040870504,4.469778067898917,-158.68101085094906,0.0,1.5,6,1.0,False,True,67.09969453895967,79,17.709159380834848,45.671,in_progress,0.0,0,1774596397.1532416
0,120.0,1.4227957862181562,4.407026707266585,-153.48027339579073,0.0,1.5,6,1.0,False,True,67.59368803101695,80,17.709159380834848,45.744,in_progress,0.0,0,1774596413.976108
0,121.0,1.335373339060492,4.336711650466069,-148.9525855351082,-15.0,1.5,2,0.5,False,True,68.23816010493154,81,17.709159380834848,45.798,in_progress,0.0,0,1774596432.1323476
0,122.0,1.2625349590590496,4.283171223551983,-147.57837993849935,-15.0,1.5,2,0.5,False,True,68.89414505858899,81,17.709159380834848,45.873,in_progress,0.0,0,1774596449.6034226
0,123.0,1.1692768227096266,4.227162550712309,-148.13853530987097,-10.0,1.5,3,0.5,False,True,69.63579076243049,82,17.709159380834848,45.932,in_progress,0.0,0,1774596466.5121775
0,124.0,1.0861738883998298,4.184456544264874,-149.48522981399384,0.0,1.5,6,0.5,False,True,70.1518877536617,83,17.709159380834848,45.999,in_progress,0.0,0,1774596482.9564812
0,125.0,0.993314930936855,4.142484705030963,-151.35707233996433,0.0,1.5,6,1.0,False,True,70.77119255412825,84,17.709159380834848,46.067,in_progress,0.0,0,1774596499.852847
0,126.0,0.8962800565815181,4.098841667180717,-152.64319619670857,-15.0,1.5,2,1.0,False,True,71.34495687737737,84,17.709159380834848,46.135,in_progress,0.0,0,1774596516.7702727
0,127.0,0.8034890291253994,4.058192801412052,-153.6481894409252,-20.0,1.0,1,1.0,False,True,71.82749522082788,85,17.709159380834848,46.2,in_progress,0.0,0,1774596538.3669696
0,128.0,0.7226180464024443,4.0351784394873,-156.26341061615815,-20.0,1.0,1,0.5,False,True,72.10086383901042,85,17.709159380834848,46.27,in_progress,0.0,0,1774596556.552606
0,129.0,0.6536808766185868,4.020587047059615,-158.26843943888517,-20.0,1.0,1,0.5,False,True,72.33084331241943,85,17.709159380834848,46.332,in_progress,0.0,0,1774596574.3244963
0,130.0,0.584134043451492,4.013015457309371,-161.41364578869533,-20.0,1.0,1,0.1,False,True,72.525796945836,86,17.709159380834848,46.391,in_progress,0.0,0,1774596592.0171416
0,131.0,0.5303145901399753,4.010554362184964,-164.006237432185,-20.0,1.0,1,0.1,False,True,72.65904702579354,86,17.709159380834848,46.464,in_progress,0.0,0,1774596609.849158
0,132.0,0.45290228739136695,4.014806829536753,-168.13139390892007,-20.0,1.0,1,0.1,False,True,72.81031388984178,86,17.709159380834848,46.53,in_progress,0.0,0,1774596627.7139332
0,133.0,0.3824949310566949,4.026647107155993,-172.78947590990498,-20.0,1.0,1,0.001,False,False,72.90656266178006,86,17.709159380834848,46.592,in_progress,0.0,0,1774596645.0115016
0,134.0,0.3356710725679446,4.039440055261663,-176.31641161047153,25.0,0.75,12,0.001,False,False,72.91084191012831,86,17.709159380834848,46.657,in_progress,0.0,0,1774596663.6164608
0,135.0,0.27467773670426376,4.052917230020215,-179.69887942531625,25.0,0.75,12,0.001,False,False,72.91084191012831,86,17.709159380834848,46.725,in_progress,0.0,0,1774596679.8645153
0,136.0,0.2197447950668415,4.052903635842651,179.94809471385403,25.0,0.75,12,0.001,False,False,72.91084191012831,86,17.709159380834848,46.791,in_progress,0.0,0,1774596696.244582
0,137.0,0.18001977678645825,4.047740523024629,-179.42062114212266,25.0,0.75,12,0.001,False,False,72.91084191012831,86,17.709159380834848,46.859,in_progress,0.0,0,1774596713.0073345
0,138.0,0.12274699084007507,4.029839893438686,-176.61672093311003,25.0,0.75,12,0.001,False,False,72.91084191012831,86,17.709159380834848,46.95,off_track,0.17399999999999666,0,1774596729.4531188
0,139.0,0.535400294552596,3.7463811462762817,-100.4830545472696,25.0,0.75,12,0.0,False,True,73.75028008872255,87,17.709159380834848,47.0,pause,0.1239999999999995,0,1774596745.71115
0,140.0,0.5306794189317174,3.772392531172215,-102.2489967782854,25.0,0.75,12,0.0,False,True,73.70128476150349,87,17.709159380834848,47.059,pause,0.065000000000002,0,1774596761.0250466
0,141.0,0.5306794189317173,3.7723925311722146,-102.24899677828536,25.0,0.75,12,0.0,False,True,73.70128476150349,87,17.709159380834848,47.123,pause,0.0010000000000019438,0,1774596777.2268858
0,142.0,0.5306794189317174,3.7723925311722146,-102.24899677828544,25.0,0.75,12,0.0,False,True,73.70128476150349,87,17.709159380834848,47.189,pause,-0.01699999999999874,0,1774596793.6664746
0,143.0,0.5306794189317176,3.772392531172215,-102.24899677828544,25.0,0.75,12,0.5,False,True,73.70128476150349,87,17.709159380834848,47.256,in_progress,0.0,0,1774596810.4901383
0,144.0,0.5252936948476411,3.738254874651927,-101.22346126128797,25.0,0.75,12,0.5,False,True,73.75028008872255,87,17.709159380834848,47.323,in_progress,0.0,0,1774596826.7556145
0,145.0,0.5293207369016258,3.6882338829822663,-98.75220993072053,25.0,0.75,12,0.5,False,True,73.99802104393831,87,17.709159380834848,47.388,in_progress,0.0,0,1774596843.6534925
0,146.0,0.5385699278296172,3.641786741061934,-96.39884444814868,25.0,0.75,12,0.5,False,True,74.257639789346,88,17.709159380834848,47.454,in_progress,0.0,0,1774596860.0427876
0,147.0,0.5552698274932982,3.588022317968819,-93.68860220661605,25.0,0.75,12,0.5,False,True,74.55661326981236,88,17.709159380834848,47.521,in_progress,0.0,0,1774596876.002176
0,148.0,0.5735195623263604,3.5392740612929106,-90.82205803089145,25.0,0.75,12,0.5,False,True,74.75346641253215,88,17.709159380834848,47.589,in_progress,0.0,0,1774596892.278099
0,149.0,0.5918438347924736,3.4992094233125925,-88.11503548933595,25.0,0.75,12,0.5,False,True,74.98473144763923,88,17.709159380834848,47.643,in_progress,0.0,0,1774596909.0141995
0,150.0,0.6231500048255199,3.4482402210431915,-83.11219027063048,25.0,0.75,12,0.5,False,True,75.28126554205453,89,17.709159380834848,47.714,in_progress,0.0,0,1774596926.0785801
0,151.0,0.655812089754977,3.410043427335694,-77.35098605518745,25.0,0.75,12,1.0,False,True,75.4743447438337,89,17.709159380834848,47.778,in_progress,0.0,0,1774596942.761527
0,152.0,0.6901613659715912,3.373233292260891,-72.53173429311374,25.0,0.75,12,1.0,False,True,75.70808176693902,89,17.709159380834848,47.844,in_progress,0.0,0,1774596959.864958
0,153.0,0.727795430348746,3.3309224695901642,-68.82248772175456,25.0,0.75,12,1.0,False,True,75.9752370169411,90,17.709159380834848,47.914,in_progress,0.0,0,1774596976.7304823
0,154.0,0.7648343998500374,3.295461455620153,-65.03989549068899,25.0,0.75,12,1.0,False,True,76.20363361449337,90,17.709159380834848,47.979,in_progress,0.0,0,1774596992.4640067
0,155.0,0.8072454862943419,3.2629023117653166,-60.353040917072285,25.0,0.75,12,1.0,False,True,76.45547519925734,90,17.709159380834848,48.046,in_progress,0.0,0,1774597007.3922818
0,156.0,0.8499039536882567,3.2359398170621043,-56.054110881878415,25.0,0.75,12,0.5,False,True,76.66033136284277,90,17.709159380834848,48.11,in_progress,0.0,0,1774597022.7494957
0,157.0,0.8926403820420584,3.2094221454087712,-52.40969765025633,25.0,0.75,12,0.5,False,True,76.8628508387822,91,17.709159380834848,48.176,in_progress,0.0,0,1774597038.0706544
0,158.0,0.9423025030293615,3.1833884472805085,-48.701024387729305,20.0,1.0,11,0.5,False,True,77.07195512896338,91,17.709159380834848,48.244,in_progress,0.0,0,1774597053.8139675
0,159.0,0.993836006275849,3.1595610309094817,-44.64003898162234,20.0,1.0,11,0.1,False,True,77.31593195146581,91,17.709159380834848,48.311,in_progress,0.0,0,1774597069.7928805
0,160.0,1.0654977821055684,3.132369785957318,-39.064912143544426,20.0,1.0,11,0.1,False,True,77.57324287487751,92,17.709159380834848,48.374,in_progress,0.0,0,1774597085.863955
0,161.0,1.1301587768054742,3.113911463340291,-33.67511754743801,20.0,1.0,11,0.1,False,True,77.77238354277706,92,17.709159380834848,48.446,in_progress,0.0,0,1774597102.000742
0,162.0,1.194917108589189,3.1007709911540324,-28.805186635310935,15.0,1.5,10,0.001,False,False,77.94276432781139,92,17.709159380834848,48.504,in_progress,0.0,0,1774597118.0051851
0,163.0,1.27014244882535,3.08787115912637,-24.050558995435036,10.0,1.5,9,0.001,False,False,78.05188628540064,92,17.709159380834848,48.584,in_progress,0.0,0,1774597133.8343148
0,164.0,1.3707735022758558,3.086550431287798,-16.083107530066645,10.0,1.5,9,0.001,False,False,78.19711358977437,92,17.709159380834848,48.637,in_progress,0.0,0,1774597149.618036
0,165.0,1.4666030601974491,3.0921531813110805,-9.516588636719538,5.0,1.5,8,0.001,False,False,78.29783154797519,92,17.709159380834848,48.715,off_track,0.2,0,1774597165.963885
0,166.0,1.049998636772588,2.8411183532054056,-75.14990224724558,0.0,1.5,6,0.0,False,True,79.06964154660983,93,17.709159380834848,48.776,pause,0.13900000000000007,0,1774597182.5984457
0,167.0,1.0405139360065476,2.8595549407432,-75.94574841539543,25.0,0.75,12,0.0,False,True,78.95646414465844,93,17.709159380834848,48.834,pause,0.08100000000000024,0,1774597198.4750855
0,168.0,1.0405066439126491,2.858941318279215,-75.94065797555517,25.0,0.75,12,0.0,False,True,78.95983953716413,93,17.709159380834848,48.899,pause,0.016000000000002512,0,1774597215.3979309
0,169.0,1.0405139360065476,2.8595549407432004,-75.94574841539541,25.0,0.75,12,0.0,False,True,78.95646414465844,93,17.709159380834848,48.976,pause,-0.013999999999998625,0,1774597232.6021895
0,170.0,1.0405139360065476,2.8595549407432,-75.94574841539541,25.0,0.75,12,0.1,False,True,78.95646414465844,93,17.709159380834848,49.046,in_progress,0.0,0,1774597249.9386864
0,171.0,1.0508612489746512,2.83185380236279,-75.5733282785736,25.0,0.75,12,0.1,False,True,79.12178268841006,93,17.709159380834848,49.103,in_progress,0.0,0,1774597266.359777
0,172.0,1.0713547982549296,2.787358028692985,-74.23789274595177,25.0,0.75,12,0.1,False,True,79.39202484540957,94,17.709159380834848,49.173,in_progress,0.0,0,1774597283.3481963
0,173.0,1.0951162832156227,2.744220271199169,-72.78741903612541,25.0,0.75,12,0.1,False,True,79.65873841623156,94,17.709159380834848,49.241,in_progress,0.0,0,1774597299.6477149
0,174.0,1.1284505706878647,2.696350382503446,-70.51037509278,25.0,0.75,12,0.1,False,True,79.94638249168273,94,17.709159380834848,49.299,in_progress,0.0,0,1774597316.4550462
0,175.0,1.1588906355491335,2.6633743958930562,-67.17334079522603,25.0,0.75,12,0.1,False,True,80.16356305596642,95,17.709159380834848,49.371,in_progress,0.0,0,1774597333.042454
0,176.0,1.2062775452296197,2.621202471165599,-61.81246446560727,25.0,0.75,12,0.1,False,True,80.45098786416415,95,17.709159380834848,49.43,in_progress,0.0,0,1774597349.0854259
0,177.0,1.2435236251382886,2.5924129061041943,-58.32317574841502,25.0,0.75,12,0.1,False,False,80.65330151360251,95,17.709159380834848,49.497,in_progress,0.0,0,1774597364.9155214
0,178.0,1.286367534410785,2.561920995884711,-54.551511121876025,25.0,0.75,12,0.1,False,False,80.870994098375,95,17.709159380834848,49.575,in_progress,0.0,0,1774597379.9748688
0,179.0,1.3354391174883675,2.5336745054667076,-50.43273140686998,25.0,0.75,12,0.001,False,False,81.08340712279283,96,17.709159380834848,49.634,in_progress,0.0,0,1774597394.6617148
0,180.0,1.3783155162507796,2.5141603971050044,-47.16493767465447,25.0,0.75,12,0.001,False,False,81.24043724150665,96,17.709159380834848,49.691,in_progress,0.0,0,1774597409.5821977
0,181.0,1.4161516149547564,2.5001213723650237,-44.496297778378256,25.0,0.75,12,0.001,False,False,81.36141841498211,96,17.709159380834848,49.763,in_progress,0.0,0,1774597424.985506
0,182.0,1.4788661718912208,2.4791382228369803,-38.725568481710475,25.0,0.75,12,0.001,False,False,81.54913040878321,96,17.709159380834848,49.823,in_progress,0.0,0,1774597441.308036
0,183.0,1.5285391342504202,2.4672571705198405,-34.46880054513357,25.0,0.75,12,0.001,False,False,81.67172817117454,96,17.709159380834848,49.891,in_progress,0.0,0,1774597457.0487747
0,184.0,1.5666574465663565,2.4607031454581496,-31.920129848706367,25.0,0.75,12,0.001,False,False,81.75163434297303,96,17.709159380834848,49.98,off_track,0.18100000000000166,0,1774597473.2780814
0,185.0,1.1809307666849926,2.2321873024571732,-77.93664958243465,25.0,0.75,12,0.0,False,True,82.57334698840093,97,17.709159380834848,50.026,pause,0.13499999999999518,0,1774597488.7975533
0,186.0,1.1678112101931035,2.2495502503605915,-78.29529212158643,25.0,0.75,12,0.0,False,True,82.46231006932541,97,17.709159380834848,50.091,pause,0.06999999999999745,0,1774597505.1394022
0,187.0,1.167811210193103,2.2495502503605915,-78.29529212158643,25.0,0.75,12,0.0,False,True,82.46231006932541,97,17.709159380834848,50.156,pause,0.004999999999999727,0,1774597520.9617672
0,188.0,1.167811210193103,2.249550250360592,-78.29529212158643,25.0,0.75,12,0.0,False,True,82.46231006932541,97,17.709159380834848,50.233,pause,-0.007000000000000728,0,1774597537.3879929
0,189.0,1.1678112101931035,2.2495502503605924,-78.29529212158643,25.0,0.75,12,0.5,False,True,82.46231006932541,97,17.709159380834848,50.287,in_progress,0.0,0,1774597553.8808312
0,190.0,1.174334611227763,2.2353807725461676,-77.4766381728374,25.0,0.75,12,0.1,False,True,82.54813191370556,97,17.709159380834848,50.353,in_progress,0.0,0,1774597570.2295904
0,191.0,1.1987371556438722,2.1837935281398417,-76.16300486344326,25.0,0.75,12,0.1,False,True,82.8613337782614,98,17.709159380834848,50.417,in_progress,0.0,0,1774597587.7046072
0,192.0,1.228986195638297,2.137526859207462,-72.78293591013924,25.0,0.75,12,0.1,False,True,83.15185790068269,98,17.709159380834848,50.491,in_progress,0.0,0,1774597604.3681974
0,193.0,1.25467142031974,2.106101029668459,-69.87829198721751,25.0,0.75,12,0.1,False,True,83.35505350063899,98,17.709159380834848,50.549,in_progress,0.0,0,1774597620.7301989
0,194.0,1.2935266310291111,2.0662394665171213,-65.63835144258849,25.0,0.75,12,0.1,False,True,83.61998427677183,99,17.709159380834848,50.619,in_progress,0.0,0,1774597636.824643
0,195.0,1.3295762064170071,2.0313710432555334,-62.61882731594953,25.0,0.75,12,0.1,False,True,83.85409149124658,99,17.709159380834848,50.691,in_progress,0.0,0,1774597654.3435402
0,196.0,1.3709115184612801,1.9978628049997242,-58.850260775705635,25.0,0.75,12,0.1,False,False,84.08616075845136,99,17.709159380834848,50.75,in_progress,0.0,0,1774597670.6099176
0,197.0,1.4193430292919809,1.9659889331403217,-54.43753100527193,25.0,0.75,12,0.1,False,False,84.31782908902724,99,17.709159380834848,50.821,in_progress,0.0,0,1774597687.1762006
0,198.0,1.4675613298601555,1.938654596708357,-50.248336086929875,25.0,0.75,12,0.001,False,False,84.52415141595606,100,17.709159380834848,50.888,in_progress,0.0,0,1774597703.5436034
0,199.0,1.5135116673658826,1.9168308262356346,-46.189719457704115,25.0,0.75,12,0.001,False,False,84.69740716243811,100,17.709159380834848,50.949,in_progress,0.0,0,1774597720.4005556
0,200.0,1.5634132189955603,1.897995164927805,-41.65666938379687,25.0,0.75,12,0.001,False,False,84.8601805136436,100,17.709159380834848,51.017,in_progress,0.0,0,1774597745.6552322
0,201.0,1.6095649482584837,1.883605830091552,-38.75418516081016,25.0,0.75,12,0.001,False,False,84.99268368677009,100,17.709159380834848,51.08,in_progress,0.0,0,1774597764.2318227
0,202.0,1.6558739611359874,1.8739160749159738,-36.316157787816536,25.0,0.75,12,0.001,False,False,85.0993831218629,100,17.709159380834848,51.149,off_track,0.2,0,1774597780.1655831
0,203.0,1.2940689418042473,1.6652040235941223,-77.53947289236167,25.0,0.75,12,0.0,False,True,85.84100470694916,101,17.709159380834848,51.214,pause,0.13500000000000228,0,1774597800.3625972
0,204.0,1.2871391107631558,1.6737267010748367,-78.27858405354092,25.0,0.75,12,0.0,False,True,85.78586322638438,101,17.709159380834848,51.282,pause,0.06700000000000444,0,1774597817.9527853
0,205.0,1.2871391107631558,1.6737267010748362,-78.27858405354094,25.0,0.75,12,0.0,False,True,85.78586322638438,101,17.709159380834848,51.351,pause,-0.00199999999999817,0,1774597835.0085986
0,206.0,1.2871391107631553,1.6737267010748365,-78.27858405354094,25.0,0.75,12,0.5,False,True,85.78586322638438,101,17.709159380834848,51.412,in_progress,0.0,0,1774597853.1054487
0,207.0,1.2998392559932923,1.6501856809556943,-76.81344871154761,25.0,0.75,12,0.1,False,True,85.93069685967897,101,17.709159380834848,51.479,in_progress,0.0,0,1774597870.712717
0,208.0,1.3203729834111317,1.610075867751201,-75.1201703646084,25.0,0.75,12,0.1,False,True,86.1761855593676,102,17.709159380834848,51.541,in_progress,0.0,0,1774597888.0534527
0,209.0,1.3515032566989222,1.5665083017596082,-71.37345280967484,25.0,0.75,12,0.1,False,True,86.4615566005193,102,17.709159380834848,51.619,in_progress,0.0,0,1774597905.6003888
0,210.0,1.3890927841586518,1.5237246265078994,-67.740723522556,25.0,0.75,12,0.1,False,True,86.74263730425204,102,17.709159380834848,51.673,in_progress,0.0,0,1774597922.2370863
0,211.0,1.4245964981993846,1.4875185371077146,-65.252166361011,25.0,0.75,12,0.1,False,True,86.98492342522269,103,17.709159380834848,51.742,in_progress,0.0,0,1774597938.7557478
0,212.0,1.463401657782691,1.4535098009816514,-62.01404561772339,25.0,0.75,12,0.1,False,True,87.21903344380452,103,17.709159380834848,51.81,in_progress,0.0,0,1774597955.1813996
0,213.0,1.5024027536280546,1.4261123304727212,-58.101734316185144,25.0,0.75,12,0.1,False,False,87.55262893085046,103,17.709159380834848,51.879,in_progress,0.0,0,1774597971.8049903
0,214.0,1.5560797613365145,1.3948102570070466,-53.2462309669315,25.0,0.75,12,0.001,False,False,87.80688477809585,104,17.709159380834848,51.946,in_progress,0.0,0,1774597988.291384
0,215.0,1.5975152946650788,1.3720745105077767,-49.78521209625948,20.0,1.0,11,0.001,False,False,87.99541363113822,104,17.709159380834848,52.009,in_progress,0.0,0,1774598004.9122622
0,216.0,1.6566941348333442,1.3436715922001516,-44.52334723336633,20.0,1.0,11,0.001,False,False,88.4800359045055,104,17.709159380834848,52.078,in_progress,0.0,0,1774598022.5514145
0,217.0,1.7224489244314392,1.3166445197517311,-40.151691317353055,20.0,1.0,11,0.001,False,False,89.48315548481116,106,17.709159380834848,52.139,in_progress,0.0,0,1774598039.2653606
0,218.0,1.7781987528128613,1.2981060890255829,-36.50390199377968,20.0,1.0,11,0.001,False,False,90.1110296562647,106,17.709159380834848,52.2,in_progress,0.0,0,1774598055.8889654
0,219.0,1.8500118817725058,1.281792334445928,-30.743926564230105,20.0,1.0,11,0.001,False,False,92.12085231415152,109,17.709159380834848,52.289,off_track,0.18499999999999944,0,1774598073.4079614
0,220.0,1.6324186443612512,0.9391770258722052,-47.037422044756596,20.0,1.0,11,0.0,False,True,91.42254992471,108,17.709159380834848,52.336,pause,0.1380000000000024,0,1774598092.9071586
0,221.0,1.6073577383678836,0.9517031410431579,-48.57408192233688,20.0,1.0,11,0.0,False,True,91.26438384763473,108,17.709159380834848,52.397,pause,0.07700000000000246,0,1774598109.7286422
0,222.0,1.6073389206941775,0.9517021075625167,-48.57841764311551,20.0,1.0,11,0.0,False,True,91.26429262111928,108,17.709159380834848,52.466,pause,0.00799999999999984,0,1774598127.4266021
0,223.0,1.607357738367884,0.9517031410431577,-48.57408192233688,25.0,0.75,12,0.0,False,True,91.26438384763473,108,17.709159380834848,52.535,pause,-0.004000000000000614,0,1774598159.358888
0,224.0,1.6073577383678839,0.9517031410431581,-48.57408192233688,25.0,0.75,12,0.5,False,True,91.26438384763473,108,17.709159380834848,52.608,in_progress,0.0,0,1774598176.4001086
0,225.0,1.635583145960914,0.9231843193653121,-48.21487482968675,25.0,0.75,12,0.5,False,True,91.61817102579892,108,17.709159380834848,52.667,in_progress,0.0,0,1774598193.5904512
0,226.0,1.6759038200484675,0.892992828153092,-46.817881279337826,25.0,0.75,12,0.5,False,True,91.88830146486764,108,17.709159380834848,52.735,in_progress,0.0,0,1774598211.0650465
0,227.0,1.7232857393573102,0.8667236497579169,-43.96189645833188,25.0,0.75,12,0.5,False,True,92.18917248954641,109,17.709159380834848,52.792,in_progress,0.0,0,1774598229.5708137
0,228.0,1.7738170446886405,0.8457501904228881,-40.61969443112127,25.0,0.75,12,0.5,False,True,92.5757087800847,109,17.709159380834848,52.851,in_progress,0.0,0,1774598247.4825706
0,229.0,1.8212247759700533,0.830621951197059,-38.008457241219446,25.0,0.75,12,0.5,False,True,92.85527002125387,110,17.709159380834848,52.934,in_progress,0.0,0,1774598264.3158078
0,230.0,1.8710243980499057,0.8178522022944811,-34.226699628937,25.0,0.75,12,0.5,False,True,93.14530272216986,110,17.709159380834848,52.991,in_progress,0.0,0,1774598281.1914573
0,231.0,1.9109973315544382,0.811430205764797,-30.522809814919437,25.0,0.75,12,0.5,False,True,93.41416376676449,110,17.709159380834848,53.062,in_progress,0.0,0,1774598298.4143982
0,232.0,1.9677770745935153,0.8065435225604473,-25.599877054928708,25.0,0.75,12,0.5,False,True,93.73544884791872,111,17.709159380834848,53.13,in_progress,0.0,0,1774598315.876232
0,233.0,2.0212718072408737,0.8061584259910428,-22.431935235477347,25.0,0.75,12,0.5,False,True,94.03475283057439,111,17.709159380834848,53.191,in_progress,0.0,0,1774598332.807716
0,234.0,2.0617772911706784,0.8079334236065709,-21.18786936300992,15.0,1.5,10,0.5,False,True,94.3038797137894,111,17.709159380834848,53.26,in_progress,0.0,0,1774598349.456887
0,235.0,2.1608487431292933,0.8227176271552575,-10.926901874195142,15.0,1.5,10,0.5,False,True,94.85469327949922,112,17.709159380834848,53.325,in_progress,0.0,0,1774598366.5554934
0,236.0,2.248577857036128,0.8466741313180357,-2.140602011652276,5.0,1.5,8,0.5,False,True,95.39945207979265,113,17.709159380834848,53.391,in_progress,0.0,0,1774598383.285932
0,237.0,2.3239185522532657,0.8753865761756666,4.397032375186735,0.0,1.5,6,0.1,False,True,95.88446730581313,113,17.709159380834848,53.458,in_progress,0.0,0,1774598400.0161889
0,238.0,2.430445082622471,0.9199998928329307,11.159034472910188,-5.0,1.5,4,0.1,False,True,96.49447831645729,114,17.709159380834848,53.529,in_progress,0.0,0,1774598416.6676915
0,239.0,2.5245463537469344,0.9560691183142633,14.05811084805248,-15.0,1.5,2,0.1,False,True,97.0270182732744,114,17.709159380834848,53.591,in_progress,0.0,0,1774598434.4096355
0,240.0,2.604566560148261,0.9803869796643114,14.776269123832778,-25.0,0.75,0,0.1,False,True,97.46256826054154,115,17.709159380834848,53.654,in_progress,0.0,0,1774598451.8261015
0,241.0,2.7036644809233725,0.9935730533373481,12.972374573301929,-20.0,1.0,1,0.1,False,True,98.01686775544607,116,17.709159380834848,53.722,in_progress,0.0,0,1774598469.3808863
0,242.0,2.771774453301027,0.995070158925236,10.40941825685641,-25.0,0.75,0,0.1,False,True,98.37362240435323,116,17.709159380834848,53.791,in_progress,0.0,0,1774598487.8502789
0,243.0,2.822043400672932,0.9897890190110724,7.538345172301531,-25.0,0.75,0,0.1,False,True,98.65748638618086,116,17.709159380834848,53.858,in_progress,0.0,0,1774598505.3263175
0,244.0,2.877118502222012,0.9773080223712117,4.078040164226217,-25.0,0.75,0,0.1,False,True,98.96849726943398,117,17.709159380834848,53.916,in_progress,0.0,0,1774598523.2683651
0,245.0,2.928398042604625,0.9584667773507506,-0.03674741081728201,-25.0,0.75,0,0.1,False,True,99.2527934059807,117,17.709159380834848,53.99,in_progress,0.0,0,1774598541.0188098
0,246.0,2.9697636531009053,0.9405922208975611,-3.338139664070293,-25.0,0.75,0,0.1,False,True,99.48673711082546,117,17.709159380834848,54.055,in_progress,0.0,0,1774598560.0821292
0,247.0,3.0168334601155835,0.9150396666698258,-7.177482446117088,-25.0,0.75,0,0.1,False,True,99.75304656512587,118,17.709159380834848,54.116,in_progress,0.0,0,1774598578.3060248
0,248.0,3.0619634902133783,0.8801088959416867,-12.896297113488831,-25.0,0.75,0,0.1,True,True,100,0,17.709159380834848,54.185,lap_complete,0.0,0,1774598595.1887937
